symboling,normalized-losses,make,aspiration,num-of-doors,body-style,drive-wheels,engine-location,wheel-base,length,width,height,curb-weight,engine-type,num-of-cylinders,engine-size,fuel-system,bore,stroke,compression-ratio,horsepower,peak-rpm,city-lpg,highway-mpg,price,price-binned,horsepower-binned,diesel,gas
3,122,alfa-romero,std,two,convertible,rwd,front,88.6,0.8111484863046613,0.32478632478632447,-2.0290145032580464,2548,dohc,four,130,mpfi,3.47,2.68,9.0,111,5000.0,11.19047619047619,27,13495.0,Low,Low,0,1
3,122,alfa-romero,std,two,convertible,rwd,front,88.6,0.8111484863046613,0.32478632478632447,-2.0290145032580464,2548,dohc,four,130,mpfi,3.47,2.68,9.0,111,5000.0,11.19047619047619,27,16500.0,Low,Low,0,1
1,122,alfa-romero,std,two,hatchback,rwd,front,94.5,0.8226814031715521,0.4444444444444446,-0.5583194270710061,2823,ohcv,six,152,mpfi,2.68,3.47,9.0,154,5000.0,12.368421052631579,26,16500.0,Low,Medium,0,1
2,164,audi,std,four,sedan,fwd,front,99.8,0.8486304661220567,0.5042735042735046,0.21788075202770885,2337,ohc,four,109,mpfi,3.19,3.4,10.0,102,5500.0,9.791666666666666,30,13950.0,Low,Low,0,1
2,164,audi,std,four,sedan,4wd,front,99.4,0.8486304661220567,0.521367521367522,0.21788075202770885,2824,ohc,five,136,mpfi,3.19,3.4,8.0,115,5500.0,13.055555555555555,22,17450.0,Low,Low,0,1
2,122,audi,std,two,sedan,fwd,front,99.8,0.8519942335415667,0.5128205128205127,-0.27235094003463606,2507,ohc,five,136,mpfi,3.19,3.4,8.5,110,5500.0,12.368421052631579,25,15250.0,Low,Low,0,1
1,158,audi,std,four,sedan,fwd,front,105.8,0.9259971167707832,0.9487179487179492,0.7898177261004489,2844,ohc,five,136,mpfi,3.19,3.4,8.5,110,5500.0,12.368421052631579,25,17710.0,Low,Low,0,1
1,122,audi,std,four,wagon,fwd,front,105.8,0.9259971167707832,0.9487179487179492,0.7898177261004489,2954,ohc,five,136,mpfi,3.19,3.4,8.5,110,5500.0,12.368421052631579,25,18920.0,Medium,Low,0,1
1,158,audi,turbo,four,sedan,fwd,front,105.8,0.9259971167707832,0.9487179487179492,0.8715230081108383,3086,ohc,five,131,mpfi,3.13,3.4,8.3,140,5500.0,13.823529411764707,20,23875.0,Medium,Medium,0,1
2,192,bmw,std,two,sedan,rwd,front,101.2,0.849591542527631,0.3846153846153845,0.21788075202770885,2395,ohc,four,108,mpfi,3.5,2.8,8.8,101,5800.0,10.217391304347826,29,16430.0,Low,Low,0,1
0,192,bmw,std,four,sedan,rwd,front,101.2,0.849591542527631,0.3846153846153845,0.21788075202770885,2395,ohc,four,108,mpfi,3.5,2.8,8.8,101,5800.0,10.217391304347826,29,16925.0,Low,Low,0,1
0,188,bmw,std,two,sedan,rwd,front,101.2,0.849591542527631,0.3846153846153845,0.21788075202770885,2710,ohc,six,164,mpfi,3.31,3.19,9.0,121,4250.0,11.19047619047619,28,20970.0,Medium,Medium,0,1
0,188,bmw,std,four,sedan,rwd,front,101.2,0.849591542527631,0.3846153846153845,0.21788075202770885,2765,ohc,six,164,mpfi,3.31,3.19,9.0,121,4250.0,11.19047619047619,28,21105.0,Medium,Medium,0,1
1,122,bmw,std,four,sedan,rwd,front,103.5,0.9082172032676598,0.5641025641025647,0.7898177261004489,3055,ohc,six,164,mpfi,3.31,3.19,9.0,121,4250.0,11.75,25,24565.0,Medium,Medium,0,1
0,122,bmw,std,four,sedan,rwd,front,103.5,0.9082172032676598,0.5641025641025647,0.7898177261004489,3230,ohc,six,209,mpfi,3.62,3.39,8.0,182,5400.0,14.6875,22,30760.0,Medium,Medium,0,1
0,122,bmw,std,two,sedan,rwd,front,103.5,0.9312830370014417,0.6495726495726502,-0.027235094003462152,3380,ohc,six,209,mpfi,3.62,3.39,8.0,182,5400.0,14.6875,22,41315.0,High,Medium,0,1
0,122,bmw,std,four,sedan,rwd,front,110.0,0.9466602594906295,0.9059829059829065,1.03493357213162,3505,ohc,six,209,mpfi,3.62,3.39,8.0,182,5400.0,15.666666666666666,20,36880.0,High,Medium,0,1
2,121,chevrolet,std,two,hatchback,fwd,front,88.4,0.6780394041326285,0.0,-0.2314982990294399,1488,l,three,61,2bbl,2.91,3.03,9.5,48,5100.0,5.0,53,5151.0,Low,Low,0,1
1,98,chevrolet,std,two,hatchback,fwd,front,94.5,0.7491590581451226,0.2820512820512823,-0.7217299910917877,1874,ohc,four,90,2bbl,3.03,3.11,9.6,70,5400.0,6.184210526315789,43,6295.0,Low,Low,0,1
0,81,chevrolet,std,four,sedan,fwd,front,94.5,0.7630946660259491,0.2820512820512823,-0.7217299910917877,1909,ohc,four,90,2bbl,3.03,3.11,9.6,70,5400.0,6.184210526315789,43,6575.0,Low,Low,0,1
1,118,dodge,std,two,hatchback,fwd,front,93.7,0.7558865929841423,0.2991452991452991,-1.2119616831541355,1876,ohc,four,90,2bbl,2.97,3.23,9.41,68,5500.0,6.351351351351352,41,5572.0,Low,Low,0,1
1,118,dodge,std,two,hatchback,fwd,front,93.7,0.7558865929841423,0.2991452991452991,-1.2119616831541355,1876,ohc,four,90,2bbl,2.97,3.23,9.4,68,5500.0,7.580645161290323,38,6377.0,Low,Low,0,1
1,118,dodge,turbo,two,hatchback,fwd,front,93.7,0.7558865929841423,0.2991452991452991,-1.2119616831541355,2128,ohc,four,98,mpfi,3.03,3.39,7.6,102,5500.0,9.791666666666666,30,7957.0,Low,Low,0,1
1,148,dodge,std,four,hatchback,fwd,front,93.7,0.7558865929841423,0.2991452991452991,-1.293666965164525,1967,ohc,four,90,2bbl,2.97,3.23,9.4,68,5500.0,7.580645161290323,38,6229.0,Low,Low,0,1
1,148,dodge,std,four,sedan,fwd,front,93.7,0.7558865929841423,0.2991452991452991,-1.293666965164525,1989,ohc,four,90,2bbl,2.97,3.23,9.4,68,5500.0,7.580645161290323,38,6692.0,Low,Low,0,1
1,148,dodge,std,four,sedan,fwd,front,93.7,0.7558865929841423,0.2991452991452991,-1.293666965164525,1989,ohc,four,90,2bbl,2.97,3.23,9.4,68,5500.0,7.580645161290323,38,7609.0,Low,Low,0,1
1,148,dodge,turbo,four,sedan,fwd,front,93.7,0.7558865929841423,0.2991452991452991,-1.293666965164525,2191,ohc,four,98,mpfi,3.03,3.39,7.6,102,5500.0,9.791666666666666,30,8558.0,Low,Low,0,1
-1,110,dodge,std,four,wagon,fwd,front,103.3,0.8390197020663143,0.3675213675213672,2.464776007313464,2535,ohc,four,122,2bbl,3.34,3.46,8.5,88,5000.0,9.791666666666666,30,8921.0,Low,Low,0,1
3,145,dodge,turbo,two,hatchback,fwd,front,95.9,0.8322921672272945,0.5128205128205127,-1.4570775291853064,2811,ohc,four,156,mfi,3.6,3.9,7.0,145,5000.0,12.368421052631579,24,12964.0,Low,Medium,0,1
2,137,honda,std,two,hatchback,fwd,front,86.6,0.6948582412301778,0.30769230769230776,-1.2119616831541355,1713,ohc,four,92,1bbl,2.91,3.41,9.6,58,4800.0,4.795918367346939,54,6479.0,Low,Low,0,1
2,137,honda,std,two,hatchback,fwd,front,86.6,0.6948582412301778,0.30769230769230776,-1.2119616831541355,1819,ohc,four,92,1bbl,2.91,3.41,9.2,76,6000.0,7.580645161290323,38,6855.0,Low,Low,0,1
1,101,honda,std,two,hatchback,fwd,front,93.7,0.7208073041806824,0.3162393162393164,-0.47661414506061384,1837,ohc,four,79,1bbl,2.91,3.07,10.1,60,5500.0,6.184210526315789,42,5399.0,Low,Low,0,1
1,101,honda,std,two,hatchback,fwd,front,93.7,0.7208073041806824,0.3162393162393164,-0.47661414506061384,1940,ohc,four,92,1bbl,2.91,3.41,9.2,76,6000.0,7.833333333333333,34,6529.0,Low,Low,0,1
1,101,honda,std,two,hatchback,fwd,front,93.7,0.7208073041806824,0.3162393162393164,-0.47661414506061384,1956,ohc,four,92,1bbl,2.91,3.41,9.2,76,6000.0,7.833333333333333,34,7129.0,Low,Low,0,1
0,110,honda,std,four,sedan,fwd,front,96.5,0.7851994233541567,0.3162393162393164,0.2995860340381011,2010,ohc,four,92,1bbl,2.91,3.41,9.2,76,6000.0,7.833333333333333,34,7295.0,Low,Low,0,1
0,78,honda,std,four,wagon,fwd,front,96.5,0.754925516578568,0.30769230769230776,1.8519863922355309,2024,ohc,four,92,1bbl,2.92,3.41,9.2,76,6000.0,7.833333333333333,34,7295.0,Low,Low,0,1
0,106,honda,std,two,hatchback,fwd,front,96.5,0.8049014896684287,0.4188034188034192,-0.19064565802424668,2236,ohc,four,110,1bbl,3.15,3.58,9.0,86,5800.0,8.703703703703704,33,7895.0,Low,Low,0,1
0,106,honda,std,two,hatchback,fwd,front,96.5,0.8049014896684287,0.4188034188034192,-0.19064565802424668,2289,ohc,four,110,1bbl,3.15,3.58,9.0,86,5800.0,8.703703703703704,33,9095.0,Low,Low,0,1
0,85,honda,std,four,sedan,fwd,front,96.5,0.8428640076886112,0.4188034188034192,0.13617547001731947,2304,ohc,four,110,1bbl,3.15,3.58,9.0,86,5800.0,8.703703703703704,33,8845.0,Low,Low,0,1
0,85,honda,std,four,sedan,fwd,front,96.5,0.8428640076886112,0.18803418803418823,0.13617547001731947,2372,ohc,four,110,1bbl,3.15,3.58,9.0,86,5800.0,8.703703703703704,33,10295.0,Low,Low,0,1
0,85,honda,std,four,sedan,fwd,front,96.5,0.8428640076886112,0.4188034188034192,0.13617547001731947,2465,ohc,four,110,mpfi,3.15,3.58,9.0,101,5800.0,9.791666666666666,28,12945.0,Low,Low,0,1
1,107,honda,std,two,sedan,fwd,front,96.5,0.8125901009130225,0.4871794871794873,-1.1302564011437433,2293,ohc,four,110,2bbl,3.15,3.58,9.1,100,5500.0,9.4,31,10345.0,Low,Low,0,1
0,122,isuzu,std,four,sedan,rwd,front,94.3,0.8202787121576165,0.12820512820512817,-0.10894037601385442,2337,ohc,four,111,2bbl,3.31,3.23,8.5,78,4800.0,9.791666666666666,29,6785.0,Low,Low,0,1
2,122,isuzu,std,two,hatchback,rwd,front,96.0,0.8294089380105718,0.4188034188034192,-0.9668458371229616,2734,ohc,four,119,spfi,3.43,3.23,9.2,90,5000.0,9.791666666666666,29,11048.0,Low,Low,0,1
0,145,jaguar,std,four,sedan,rwd,front,113.0,0.9591542527630946,0.7948717948717945,-0.39490886305022443,4066,dohc,six,258,mpfi,3.63,4.17,8.1,176,4750.0,15.666666666666666,19,32250.0,High,Medium,0,1
0,122,jaguar,std,four,sedan,rwd,front,113.0,0.9591542527630946,0.7948717948717945,-0.39490886305022443,4066,dohc,six,258,mpfi,3.63,4.17,8.1,176,4750.0,15.666666666666666,19,35550.0,High,Medium,0,1
0,122,jaguar,std,two,sedan,rwd,front,102.0,0.921191734742912,0.8803418803418799,-2.437540913310002,3950,ohcv,twelve,326,mpfi,3.54,2.76,11.5,262,5000.0,18.076923076923077,17,36000.0,High,High,0,1
1,104,mazda,std,two,hatchback,fwd,front,93.1,0.7645362806343105,0.33333333333333376,0.13617547001731947,1890,ohc,four,91,2bbl,3.03,3.15,9.0,68,5000.0,7.833333333333333,31,5195.0,Low,Low,0,1
1,104,mazda,std,two,hatchback,fwd,front,93.1,0.7645362806343105,0.33333333333333376,0.13617547001731947,1900,ohc,four,91,2bbl,3.03,3.15,9.0,68,5000.0,7.580645161290323,38,6095.0,Low,Low,0,1
1,104,mazda,std,two,hatchback,fwd,front,93.1,0.7645362806343105,0.33333333333333376,0.13617547001731947,1905,ohc,four,91,2bbl,3.03,3.15,9.0,68,5000.0,7.580645161290323,38,6795.0,Low,Low,0,1
1,113,mazda,std,four,sedan,fwd,front,93.1,0.8015377222489188,0.33333333333333376,0.13617547001731947,1945,ohc,four,91,2bbl,3.03,3.15,9.0,68,5000.0,7.580645161290323,38,6695.0,Low,Low,0,1
1,113,mazda,std,four,sedan,fwd,front,93.1,0.8015377222489188,0.33333333333333376,0.13617547001731947,1950,ohc,four,91,2bbl,3.08,3.15,9.0,68,5000.0,7.580645161290323,38,7395.0,Low,Low,0,1
3,150,mazda,std,two,hatchback,rwd,front,95.3,0.8121095627102355,0.4615384615384619,-1.7021933752164804,2380,rotor,two,70,4bbl,,,9.4,101,6000.0,13.823529411764707,23,10945.0,Low,Low,0,1
3,150,mazda,std,two,hatchback,rwd,front,95.3,0.8121095627102355,0.4615384615384619,-1.7021933752164804,2380,rotor,two,70,4bbl,,,9.4,101,6000.0,13.823529411764707,23,11845.0,Low,Low,0,1
3,150,mazda,std,two,hatchback,rwd,front,95.3,0.8121095627102355,0.4615384615384619,-1.7021933752164804,2385,rotor,two,70,4bbl,,,9.4,101,6000.0,13.823529411764707,23,13645.0,Low,Low,0,1
3,150,mazda,std,two,hatchback,rwd,front,95.3,0.8121095627102355,0.4615384615384619,-1.7021933752164804,2500,rotor,two,80,mpfi,,,9.4,135,6000.0,14.6875,23,15645.0,Low,Medium,0,1
1,129,mazda,std,two,hatchback,fwd,front,98.8,0.8543969245555022,0.52991452991453,-0.027235094003462152,2385,ohc,four,122,2bbl,3.39,3.39,8.6,84,4800.0,9.038461538461538,32,8845.0,Low,Low,0,1
0,115,mazda,std,four,sedan,fwd,front,98.8,0.8543969245555022,0.52991452991453,0.7081124440900566,2410,ohc,four,122,2bbl,3.39,3.39,8.6,84,4800.0,9.038461538461538,32,8495.0,Low,Low,0,1
1,129,mazda,std,two,hatchback,fwd,front,98.8,0.8543969245555022,0.52991452991453,-0.027235094003462152,2385,ohc,four,122,2bbl,3.39,3.39,8.6,84,4800.0,9.038461538461538,32,10595.0,Low,Low,0,1
0,115,mazda,std,four,sedan,fwd,front,98.8,0.8543969245555022,0.52991452991453,0.7081124440900566,2410,ohc,four,122,2bbl,3.39,3.39,8.6,84,4800.0,9.038461538461538,32,10245.0,Low,Low,0,1
0,122,mazda,std,four,sedan,fwd,front,98.8,0.8543969245555022,0.52991452991453,0.7081124440900566,2443,ohc,four,122,idi,3.39,3.39,22.7,64,4650.0,6.527777777777778,42,10795.0,Low,Low,1,0
0,115,mazda,std,four,hatchback,fwd,front,98.8,0.8543969245555022,0.52991452991453,0.7081124440900566,2425,ohc,four,122,2bbl,3.39,3.39,8.6,84,4800.0,9.038461538461538,32,11245.0,Low,Low,0,1
0,118,mazda,std,four,sedan,rwd,front,104.9,0.8409418548774628,0.49572649572649535,0.258733393032905,2670,ohc,four,140,mpfi,3.76,3.16,8.0,120,5000.0,12.368421052631579,27,18280.0,Low,Medium,0,1
0,122,mazda,std,four,sedan,rwd,front,104.9,0.8409418548774628,0.49572649572649535,0.258733393032905,2700,ohc,four,134,idi,3.43,3.64,22.0,72,4200.0,7.580645161290323,39,18344.0,Low,Low,1,0
-1,93,mercedes-benz,turbo,four,sedan,rwd,front,110.0,0.9173474291206152,0.8547008547008544,1.1166388541420122,3515,ohc,five,183,idi,3.58,3.64,21.5,123,4350.0,10.681818181818182,25,25552.0,Medium,Medium,1,0
-1,93,mercedes-benz,turbo,four,wagon,rwd,front,110.0,0.9173474291206152,0.8547008547008544,2.0153969562563154,3750,ohc,five,183,idi,3.58,3.64,21.5,123,4350.0,10.681818181818182,25,28248.0,Medium,Medium,1,0
0,93,mercedes-benz,turbo,two,hardtop,rwd,front,106.7,0.9010091302258529,0.8547008547008544,0.4629965980588827,3495,ohc,five,183,idi,3.58,3.64,21.5,123,4350.0,10.681818181818182,25,28176.0,Medium,Medium,1,0
-1,93,mercedes-benz,turbo,four,sedan,rwd,front,115.6,0.9735703988467083,0.9743589743589746,1.03493357213162,3770,ohc,five,183,idi,3.58,3.64,21.5,123,4350.0,10.681818181818182,25,31600.0,Medium,Medium,1,0
-1,122,mercedes-benz,std,four,sedan,rwd,front,115.6,0.9735703988467083,0.9743589743589746,1.1166388541420122,3740,ohcv,eight,234,mpfi,3.46,3.1,8.3,155,4750.0,14.6875,18,34184.0,High,Medium,0,1
3,142,mercedes-benz,std,two,convertible,rwd,front,96.6,0.8664103796251803,0.8717948717948718,-1.2119616831541355,3685,ohcv,eight,234,mpfi,3.46,3.1,8.3,155,4750.0,14.6875,18,35056.0,High,Medium,0,1
0,122,mercedes-benz,std,four,sedan,rwd,front,120.9,1.0,0.9743589743589746,1.1983441361524043,3900,ohcv,eight,308,mpfi,3.8,3.35,8.0,184,4500.0,16.785714285714285,16,40960.0,High,Medium,0,1
1,122,mercedes-benz,std,two,hardtop,rwd,front,112.0,0.9572320999519461,1.0,0.6672598030848605,3715,ohcv,eight,304,mpfi,3.8,3.35,8.0,184,4500.0,16.785714285714285,16,45400.0,High,Medium,0,1
1,122,mercury,turbo,two,hatchback,rwd,front,102.7,0.857280153772225,0.6581196581196582,0.4221439570536866,2910,ohc,four,140,mpfi,3.78,3.12,8.0,175,5000.0,12.368421052631579,24,16503.0,Low,Medium,0,1
2,161,mitsubishi,std,two,hatchback,fwd,front,93.7,0.7558865929841423,0.35042735042735107,-1.2119616831541355,1918,ohc,four,92,2bbl,2.97,3.23,9.4,68,5500.0,6.351351351351352,41,5389.0,Low,Low,0,1
2,161,mitsubishi,std,two,hatchback,fwd,front,93.7,0.7558865929841423,0.35042735042735107,-1.2119616831541355,1944,ohc,four,92,2bbl,2.97,3.23,9.4,68,5500.0,7.580645161290323,38,6189.0,Low,Low,0,1
2,161,mitsubishi,std,two,hatchback,fwd,front,93.7,0.7558865929841423,0.35042735042735107,-1.2119616831541355,2004,ohc,four,92,2bbl,2.97,3.23,9.4,68,5500.0,7.580645161290323,38,6669.0,Low,Low,0,1
1,161,mitsubishi,turbo,two,hatchback,fwd,front,93.0,0.7558865929841423,0.2991452991452991,-1.2119616831541355,2145,ohc,four,98,spdi,3.03,3.39,7.6,102,5500.0,9.791666666666666,30,7689.0,Low,Low,0,1
3,153,mitsubishi,turbo,two,hatchback,fwd,front,96.3,0.8313310908217203,0.4358974358974365,-1.7838986572268727,2370,ohc,four,110,spdi,3.17,3.46,7.5,116,5500.0,10.217391304347826,30,9959.0,Low,Low,0,1
3,153,mitsubishi,std,two,hatchback,fwd,front,96.3,0.8313310908217203,0.4358974358974365,-1.7838986572268727,2328,ohc,four,122,2bbl,3.35,3.46,8.5,88,5000.0,9.4,32,8499.0,Low,Low,0,1
3,122,mitsubishi,turbo,two,hatchback,fwd,front,95.9,0.8322921672272945,0.5128205128205127,-1.4570775291853064,2833,ohc,four,156,spdi,3.58,3.86,7.0,145,5000.0,12.368421052631579,24,12629.0,Low,Medium,0,1
3,122,mitsubishi,turbo,two,hatchback,fwd,front,95.9,0.8322921672272945,0.5128205128205127,-1.4570775291853064,2921,ohc,four,156,spdi,3.59,3.86,7.0,145,5000.0,12.368421052631579,24,14869.0,Low,Medium,0,1
3,122,mitsubishi,turbo,two,hatchback,fwd,front,95.9,0.8322921672272945,0.5128205128205127,-1.4570775291853064,2926,ohc,four,156,spdi,3.59,3.86,7.0,145,5000.0,12.368421052631579,24,14489.0,Low,Medium,0,1
1,125,mitsubishi,std,four,sedan,fwd,front,96.3,0.8284478616049976,0.4358974358974365,-0.8851405551125693,2365,ohc,four,122,2bbl,3.35,3.46,8.5,88,5000.0,9.4,32,6989.0,Low,Low,0,1
1,125,mitsubishi,std,four,sedan,fwd,front,96.3,0.8284478616049976,0.4358974358974365,-0.8851405551125693,2405,ohc,four,122,2bbl,3.35,3.46,8.5,88,5000.0,9.4,32,8189.0,Low,Low,0,1
1,125,mitsubishi,turbo,four,sedan,fwd,front,96.3,0.8284478616049976,0.4358974358974365,-0.8851405551125693,2403,ohc,four,110,spdi,3.17,3.46,7.5,116,5500.0,10.217391304347826,30,9279.0,Low,Low,0,1
-1,137,mitsubishi,std,four,sedan,fwd,front,96.3,0.8284478616049976,0.4358974358974365,-0.8851405551125693,2403,ohc,four,110,spdi,3.17,3.46,7.5,116,5500.0,10.217391304347826,30,9279.0,Low,Low,0,1
1,128,nissan,std,two,sedan,fwd,front,94.5,0.794329649207112,0.2991452991452991,0.2995860340381011,1889,ohc,four,97,2bbl,3.15,3.29,9.4,69,5200.0,7.580645161290323,37,5499.0,Low,Low,0,1
1,128,nissan,std,two,sedan,fwd,front,94.5,0.794329649207112,0.2991452991452991,0.2995860340381011,2017,ohc,four,103,idi,2.99,3.47,21.9,55,4800.0,5.222222222222222,50,7099.0,Low,Low,1,0
1,128,nissan,std,two,sedan,fwd,front,94.5,0.794329649207112,0.2991452991452991,0.2995860340381011,1918,ohc,four,97,2bbl,3.15,3.29,9.4,69,5200.0,7.580645161290323,37,6649.0,Low,Low,0,1
1,122,nissan,std,four,sedan,fwd,front,94.5,0.794329649207112,0.2991452991452991,0.2995860340381011,1938,ohc,four,97,2bbl,3.15,3.29,9.4,69,5200.0,7.580645161290323,37,6849.0,Low,Low,0,1
1,103,nissan,std,four,wagon,fwd,front,94.5,0.8178760211436809,0.2991452991452991,-0.10894037601385442,2024,ohc,four,97,2bbl,3.15,3.29,9.4,69,5200.0,7.580645161290323,37,7349.0,Low,Low,0,1
1,128,nissan,std,two,sedan,fwd,front,94.5,0.794329649207112,0.2991452991452991,0.2995860340381011,1951,ohc,four,97,2bbl,3.15,3.29,9.4,69,5200.0,7.580645161290323,37,7299.0,Low,Low,0,1
1,128,nissan,std,two,hatchback,fwd,front,94.5,0.7957712638154734,0.2991452991452991,-0.19064565802424668,2028,ohc,four,97,2bbl,3.15,3.29,9.4,69,5200.0,7.580645161290323,37,7799.0,Low,Low,0,1
1,122,nissan,std,four,sedan,fwd,front,94.5,0.794329649207112,0.2991452991452991,0.2995860340381011,1971,ohc,four,97,2bbl,3.15,3.29,9.4,69,5200.0,7.580645161290323,37,7499.0,Low,Low,0,1
1,103,nissan,std,four,wagon,fwd,front,94.5,0.8178760211436809,0.2991452991452991,-0.10894037601385442,2037,ohc,four,97,2bbl,3.15,3.29,9.4,69,5200.0,7.580645161290323,37,7999.0,Low,Low,0,1
2,168,nissan,std,two,hardtop,fwd,front,95.1,0.7803940413262855,0.2991452991452991,-0.19064565802424668,2008,ohc,four,97,2bbl,3.15,3.29,9.4,69,5200.0,7.580645161290323,37,8249.0,Low,Low,0,1
0,106,nissan,std,four,hatchback,fwd,front,97.2,0.8332532436328689,0.4188034188034192,0.38129131604849337,2324,ohc,four,120,2bbl,3.33,3.47,8.5,97,5200.0,8.703703703703704,34,8949.0,Low,Low,0,1
0,106,nissan,std,four,sedan,fwd,front,97.2,0.8332532436328689,0.4188034188034192,0.38129131604849337,2302,ohc,four,120,2bbl,3.33,3.47,8.5,97,5200.0,8.703703703703704,34,9549.0,Low,Low,0,1
0,128,nissan,std,four,sedan,fwd,front,100.4,0.8731379144641999,0.52991452991453,0.544701880069275,3095,ohcv,six,181,mpfi,3.43,3.27,9.0,152,5200.0,13.823529411764707,22,13499.0,Low,Medium,0,1
0,108,nissan,std,four,wagon,fwd,front,100.4,0.8870735223450265,0.52991452991453,0.9532282901212306,3296,ohcv,six,181,mpfi,3.43,3.27,9.0,152,5200.0,13.823529411764707,22,14399.0,Low,Medium,0,1
0,108,nissan,std,four,sedan,fwd,front,100.4,0.8870735223450265,0.52991452991453,0.544701880069275,3060,ohcv,six,181,mpfi,3.43,3.27,9.0,152,5200.0,12.368421052631579,25,13499.0,Low,Medium,0,1
3,194,nissan,std,two,hatchback,rwd,front,91.3,0.8202787121576165,0.6495726495726502,-1.6613407342112843,3071,ohcv,six,181,mpfi,3.43,3.27,9.0,160,5200.0,12.368421052631579,25,17199.0,Low,Medium,0,1
3,194,nissan,turbo,two,hatchback,rwd,front,91.3,0.8202787121576165,0.6495726495726502,-1.6613407342112843,3139,ohcv,six,181,mpfi,3.43,3.27,7.8,200,5200.0,13.823529411764707,23,19699.0,Medium,High,0,1
1,231,nissan,std,two,hatchback,rwd,front,99.2,0.857760691975012,0.6495726495726502,-1.6613407342112843,3139,ohcv,six,181,mpfi,3.43,3.27,9.0,160,5200.0,12.368421052631579,25,18399.0,Low,Medium,0,1
0,161,peugot,std,four,sedan,rwd,front,107.9,0.897164824603556,0.6923076923076928,1.1983441361524043,3020,l,four,120,mpfi,3.46,3.19,8.4,97,5000.0,12.368421052631579,24,11900.0,Low,Low,0,1
0,161,peugot,turbo,four,sedan,rwd,front,107.9,0.897164824603556,0.6923076923076928,1.1983441361524043,3197,l,four,152,idi,3.7,3.52,21.0,95,4150.0,8.392857142857142,33,13200.0,Low,Low,1,0
0,122,peugot,std,four,wagon,rwd,front,114.2,0.9557904853435849,0.6923076923076928,2.0153969562563154,3230,l,four,120,mpfi,3.46,3.19,8.4,97,5000.0,12.368421052631579,24,12440.0,Low,Low,0,1
0,122,peugot,turbo,four,wagon,rwd,front,114.2,0.9557904853435849,0.6923076923076928,2.0153969562563154,3430,l,four,152,idi,3.7,3.52,21.0,95,4150.0,9.4,25,13860.0,Low,Low,1,0
0,161,peugot,std,four,sedan,rwd,front,107.9,0.897164824603556,0.6923076923076928,1.1983441361524043,3075,l,four,120,mpfi,3.46,2.19,8.4,95,5000.0,12.368421052631579,24,15580.0,Low,Low,0,1
0,161,peugot,turbo,four,sedan,rwd,front,107.9,0.897164824603556,0.6923076923076928,1.1983441361524043,3252,l,four,152,idi,3.7,3.52,21.0,95,4150.0,8.392857142857142,33,16900.0,Low,Low,1,0
0,122,peugot,std,four,wagon,rwd,front,114.2,0.9557904853435849,0.6923076923076928,1.1983441361524043,3285,l,four,120,mpfi,3.46,2.19,8.4,95,5000.0,12.368421052631579,24,16695.0,Low,Low,0,1
0,122,peugot,turbo,four,wagon,rwd,front,114.2,0.9557904853435849,0.6923076923076928,2.0153969562563154,3485,l,four,152,idi,3.7,3.52,21.0,95,4150.0,9.4,25,17075.0,Low,Low,1,0
0,161,peugot,std,four,sedan,rwd,front,107.9,0.897164824603556,0.6923076923076928,1.1983441361524043,3075,l,four,120,mpfi,3.46,3.19,8.4,97,5000.0,12.368421052631579,24,16630.0,Low,Low,0,1
0,161,peugot,turbo,four,sedan,rwd,front,107.9,0.897164824603556,0.6923076923076928,1.1983441361524043,3252,l,four,152,idi,3.7,3.52,21.0,95,4150.0,8.392857142857142,33,17950.0,Low,Low,1,0
0,161,peugot,turbo,four,sedan,rwd,front,108.0,0.897164824603556,0.6837606837606836,0.9123756491160344,3130,l,four,134,mpfi,3.61,3.21,7.0,142,5600.0,13.055555555555555,24,18150.0,Low,Medium,0,1
1,119,plymouth,std,two,hatchback,fwd,front,93.7,0.7558865929841423,0.2991452991452991,-1.2119616831541355,1918,ohc,four,90,2bbl,2.97,3.23,9.4,68,5500.0,6.351351351351352,41,5572.0,Low,Low,0,1
1,119,plymouth,turbo,two,hatchback,fwd,front,93.7,0.7558865929841423,0.2991452991452991,-1.2119616831541355,2128,ohc,four,98,spdi,3.03,3.39,7.6,102,5500.0,9.791666666666666,30,7957.0,Low,Low,0,1
1,154,plymouth,std,four,hatchback,fwd,front,93.7,0.7558865929841423,0.2991452991452991,-1.293666965164525,1967,ohc,four,90,2bbl,2.97,3.23,9.4,68,5500.0,7.580645161290323,38,6229.0,Low,Low,0,1
1,154,plymouth,std,four,sedan,fwd,front,93.7,0.8039404132628545,0.2991452991452991,-1.2119616831541355,1989,ohc,four,90,2bbl,2.97,3.23,9.4,68,5500.0,7.580645161290323,38,6692.0,Low,Low,0,1
1,154,plymouth,std,four,sedan,fwd,front,93.7,0.8039404132628545,0.2991452991452991,-1.2119616831541355,2191,ohc,four,98,2bbl,2.97,3.23,9.4,68,5500.0,7.580645161290323,38,7609.0,Low,Low,0,1
-1,74,plymouth,std,four,wagon,fwd,front,103.3,0.8390197020663143,0.3675213675213672,2.464776007313464,2535,ohc,four,122,2bbl,3.35,3.46,8.5,88,5000.0,9.791666666666666,30,8921.0,Low,Low,0,1
3,122,plymouth,turbo,two,hatchback,rwd,front,95.9,0.8322921672272945,0.5128205128205127,-1.4570775291853064,2818,ohc,four,156,spdi,3.59,3.86,7.0,145,5000.0,12.368421052631579,24,12764.0,Low,Medium,0,1
3,186,porsche,std,two,hatchback,rwd,front,94.5,0.8116290245074483,0.6837606837606836,-1.4570775291853064,2778,ohc,four,151,mpfi,3.94,3.11,9.5,143,5500.0,12.368421052631579,27,22018.0,Medium,Medium,0,1
3,122,porsche,std,two,hardtop,rwd,rear,89.5,0.8116290245074483,0.40170940170940184,-0.8851405551125693,2756,ohcf,six,194,mpfi,3.74,2.9,9.5,207,5900.0,13.823529411764707,25,32528.0,High,High,0,1
3,122,porsche,std,two,hardtop,rwd,rear,89.5,0.8116290245074483,0.40170940170940184,-0.8851405551125693,2756,ohcf,six,194,mpfi,3.74,2.9,9.5,207,5900.0,13.823529411764707,25,34028.0,High,High,0,1
3,122,porsche,std,two,convertible,rwd,rear,89.5,0.8116290245074483,0.40170940170940184,-0.8851405551125693,2800,ohcf,six,194,mpfi,3.74,2.9,9.5,207,5900.0,13.823529411764707,25,37028.0,High,High,0,1
0,122,renault,std,four,wagon,fwd,front,96.1,0.8721768380586257,0.52991452991453,0.5855545210744711,2579,ohc,four,132,mpfi,3.46,3.9,8.7,103,,10.217391304347826,31,9295.0,Low,Low,0,1
2,122,renault,std,two,hatchback,fwd,front,96.1,0.849591542527631,0.5384615384615381,-1.334519606169721,2460,ohc,four,132,mpfi,3.46,3.9,8.7,103,,10.217391304347826,31,9895.0,Low,Low,0,1
3,150,saab,std,two,hatchback,fwd,front,99.1,0.8966842864007688,0.52991452991453,0.9532282901212306,2658,ohc,four,121,mpfi,3.54,3.07,9.31,110,5250.0,11.19047619047619,28,11850.0,Low,Low,0,1
2,104,saab,std,four,sedan,fwd,front,99.1,0.8966842864007688,0.52991452991453,0.9532282901212306,2695,ohc,four,121,mpfi,3.54,3.07,9.3,110,5250.0,11.19047619047619,28,12170.0,Low,Low,0,1
3,150,saab,std,two,hatchback,fwd,front,99.1,0.8966842864007688,0.52991452991453,0.9532282901212306,2707,ohc,four,121,mpfi,2.54,2.07,9.3,110,5250.0,11.19047619047619,28,15040.0,Low,Low,0,1
2,104,saab,std,four,sedan,fwd,front,99.1,0.8966842864007688,0.52991452991453,0.9532282901212306,2758,ohc,four,121,mpfi,3.54,3.07,9.3,110,5250.0,11.19047619047619,28,15510.0,Low,Low,0,1
3,150,saab,turbo,two,hatchback,fwd,front,99.1,0.8966842864007688,0.52991452991453,0.9532282901212306,2808,dohc,four,121,mpfi,3.54,3.07,9.0,160,5500.0,12.368421052631579,26,18150.0,Low,Medium,0,1
2,104,saab,turbo,four,sedan,fwd,front,99.1,0.8966842864007688,0.52991452991453,0.9532282901212306,2847,dohc,four,121,mpfi,3.54,3.07,9.0,160,5500.0,12.368421052631579,26,18620.0,Medium,Medium,0,1
2,83,subaru,std,two,hatchback,fwd,front,93.7,0.7539644401729938,0.264957264957265,-0.027235094003462152,2050,ohcf,four,97,2bbl,3.62,2.36,9.0,69,4900.0,7.580645161290323,36,5118.0,Low,Low,0,1
2,83,subaru,std,two,hatchback,fwd,front,93.7,0.758769822200865,0.2820512820512823,-0.027235094003462152,2120,ohcf,four,108,2bbl,3.62,2.64,8.7,73,4400.0,9.038461538461538,31,7053.0,Low,Low,0,1
2,83,subaru,std,two,hatchback,4wd,front,93.3,0.7558865929841423,0.2991452991452991,0.7898177261004489,2240,ohcf,four,108,2bbl,3.62,2.64,8.7,73,4400.0,9.038461538461538,31,7603.0,Low,Low,0,1
0,102,subaru,std,four,sedan,fwd,front,97.2,0.8265257087938491,0.4358974358974365,-0.51746678606581,2145,ohcf,four,108,2bbl,3.62,2.64,9.5,82,4800.0,7.34375,37,7126.0,Low,Low,0,1
0,102,subaru,std,four,sedan,fwd,front,97.2,0.8265257087938491,0.4358974358974365,-0.51746678606581,2190,ohcf,four,108,2bbl,3.62,2.64,9.5,82,4400.0,8.392857142857142,33,7775.0,Low,Low,0,1
0,102,subaru,std,four,sedan,fwd,front,97.2,0.8265257087938491,0.4358974358974365,-0.51746678606581,2340,ohcf,four,108,mpfi,3.62,2.64,9.0,94,5200.0,9.038461538461538,32,9960.0,Low,Low,0,1
0,102,subaru,std,four,sedan,4wd,front,97.0,0.8265257087938491,0.4358974358974365,0.21788075202770885,2385,ohcf,four,108,2bbl,3.62,2.64,9.0,82,4800.0,9.791666666666666,25,9233.0,Low,Low,0,1
0,102,subaru,turbo,four,sedan,4wd,front,97.0,0.8265257087938491,0.4358974358974365,0.21788075202770885,2510,ohcf,four,108,mpfi,3.62,2.64,7.7,111,4800.0,9.791666666666666,29,11259.0,Low,Low,0,1
0,89,subaru,std,four,wagon,fwd,front,97.0,0.8337337818356559,0.4358974358974365,-0.3132035810398322,2290,ohcf,four,108,2bbl,3.62,2.64,9.0,82,4800.0,8.392857142857142,32,7463.0,Low,Low,0,1
0,89,subaru,std,four,wagon,fwd,front,97.0,0.8337337818356559,0.4358974358974365,-0.3132035810398322,2455,ohcf,four,108,mpfi,3.62,2.64,9.0,94,5200.0,9.4,31,10198.0,Low,Low,0,1
0,85,subaru,std,four,wagon,4wd,front,96.9,0.8342143200384431,0.4358974358974365,0.4629965980588827,2420,ohcf,four,108,2bbl,3.62,2.64,9.0,82,4800.0,10.217391304347826,29,8013.0,Low,Low,0,1
0,85,subaru,turbo,four,wagon,4wd,front,96.9,0.8342143200384431,0.4358974358974365,0.4629965980588827,2650,ohcf,four,108,mpfi,3.62,2.64,7.7,111,4800.0,10.217391304347826,23,11694.0,Low,Low,0,1
1,87,toyota,std,two,hatchback,fwd,front,95.7,0.762614127823162,0.2820512820512823,0.2995860340381011,1985,ohc,four,92,2bbl,3.05,3.03,9.0,62,4800.0,6.714285714285714,39,5348.0,Low,Low,0,1
1,87,toyota,std,two,hatchback,fwd,front,95.7,0.762614127823162,0.2820512820512823,0.2995860340381011,2040,ohc,four,92,2bbl,3.05,3.03,9.0,62,4800.0,7.580645161290323,38,6338.0,Low,Low,0,1
1,74,toyota,std,four,hatchback,fwd,front,95.7,0.762614127823162,0.2820512820512823,0.2995860340381011,2015,ohc,four,92,2bbl,3.05,3.03,9.0,62,4800.0,7.580645161290323,38,6488.0,Low,Low,0,1
0,77,toyota,std,four,wagon,fwd,front,95.7,0.8154733301297453,0.2820512820512823,2.178807520277097,2280,ohc,four,92,2bbl,3.05,3.03,9.0,62,4800.0,7.580645161290323,37,6918.0,Low,Low,0,1
0,81,toyota,std,four,wagon,4wd,front,95.7,0.8154733301297453,0.2820512820512823,2.178807520277097,2290,ohc,four,92,2bbl,3.05,3.03,9.0,62,4800.0,8.703703703703704,32,7898.0,Low,Low,0,1
0,91,toyota,std,four,wagon,4wd,front,95.7,0.8154733301297453,0.2820512820512823,2.178807520277097,3110,ohc,four,92,2bbl,3.05,3.03,9.0,62,4800.0,8.703703703703704,32,8778.0,Low,Low,0,1
0,91,toyota,std,four,sedan,fwd,front,95.7,0.7991350312349833,0.35042735042735107,-0.3132035810398322,2081,ohc,four,98,2bbl,3.19,3.03,9.0,70,4800.0,7.833333333333333,37,6938.0,Low,Low,0,1
0,91,toyota,std,four,hatchback,fwd,front,95.7,0.7991350312349833,0.35042735042735107,-0.39490886305022443,2109,ohc,four,98,2bbl,3.19,3.03,9.0,70,4800.0,7.833333333333333,37,7198.0,Low,Low,0,1
0,91,toyota,std,four,sedan,fwd,front,95.7,0.7991350312349833,0.35042735042735107,-0.3132035810398322,2275,ohc,four,110,idi,3.27,3.35,22.5,56,4500.0,6.911764705882353,36,7898.0,Low,Low,1,0
0,91,toyota,std,four,hatchback,fwd,front,95.7,0.7991350312349833,0.35042735042735107,-0.39490886305022443,2275,ohc,four,110,idi,3.27,3.35,22.5,56,4500.0,6.184210526315789,47,7788.0,Low,Low,1,0
0,91,toyota,std,four,sedan,fwd,front,95.7,0.7991350312349833,0.35042735042735107,-0.3132035810398322,2094,ohc,four,98,2bbl,3.19,3.03,9.0,70,4800.0,6.184210526315789,47,7738.0,Low,Low,0,1
0,91,toyota,std,four,hatchback,fwd,front,95.7,0.7991350312349833,0.35042735042735107,-0.39490886305022443,2122,ohc,four,98,2bbl,3.19,3.03,9.0,70,4800.0,8.392857142857142,34,8358.0,Low,Low,0,1
0,91,toyota,std,four,sedan,fwd,front,95.7,0.7991350312349833,0.35042735042735107,-0.39490886305022443,2140,ohc,four,98,2bbl,3.19,3.03,9.0,70,4800.0,8.392857142857142,34,9258.0,Low,Low,0,1
1,168,toyota,std,two,sedan,rwd,front,94.5,0.810667948101874,0.3162393162393164,-0.47661414506061384,2169,ohc,four,98,2bbl,3.19,3.03,9.0,70,4800.0,8.10344827586207,34,8058.0,Low,Low,0,1
1,168,toyota,std,two,hatchback,rwd,front,94.5,0.810667948101874,0.3162393162393164,-0.47661414506061384,2204,ohc,four,98,2bbl,3.19,3.03,9.0,70,4800.0,8.10344827586207,34,8238.0,Low,Low,0,1
1,168,toyota,std,two,sedan,rwd,front,94.5,0.810667948101874,0.3162393162393164,-0.47661414506061384,2265,dohc,four,98,mpfi,3.24,3.08,9.4,112,6600.0,9.038461538461538,29,9298.0,Low,Low,0,1
1,168,toyota,std,two,hatchback,rwd,front,94.5,0.810667948101874,0.3162393162393164,-0.47661414506061384,2300,dohc,four,98,mpfi,3.24,3.08,9.4,112,6600.0,9.038461538461538,29,9538.0,Low,Low,0,1
2,134,toyota,std,two,hardtop,rwd,front,98.4,0.8467083133109082,0.45299145299145266,-0.7217299910917877,2540,ohc,four,146,mpfi,3.62,3.5,9.3,116,4800.0,9.791666666666666,30,8449.0,Low,Low,0,1
2,134,toyota,std,two,hardtop,rwd,front,98.4,0.8467083133109082,0.45299145299145266,-0.7217299910917877,2536,ohc,four,146,mpfi,3.62,3.5,9.3,116,4800.0,9.791666666666666,30,9639.0,Low,Low,0,1
2,134,toyota,std,two,hatchback,rwd,front,98.4,0.8467083133109082,0.45299145299145266,-0.7217299910917877,2551,ohc,four,146,mpfi,3.62,3.5,9.3,116,4800.0,9.791666666666666,30,9989.0,Low,Low,0,1
2,134,toyota,std,two,hardtop,rwd,front,98.4,0.8467083133109082,0.45299145299145266,-0.7217299910917877,2679,ohc,four,146,mpfi,3.62,3.5,9.3,116,4800.0,9.791666666666666,30,11199.0,Low,Low,0,1
2,134,toyota,std,two,hatchback,rwd,front,98.4,0.8467083133109082,0.45299145299145266,-0.7217299910917877,2714,ohc,four,146,mpfi,3.62,3.5,9.3,116,4800.0,9.791666666666666,30,11549.0,Low,Low,0,1
2,134,toyota,std,two,convertible,rwd,front,98.4,0.8467083133109082,0.45299145299145266,-0.3132035810398322,2975,ohc,four,146,mpfi,3.62,3.5,9.3,116,4800.0,9.791666666666666,30,17669.0,Low,Low,0,1
-1,65,toyota,std,four,sedan,fwd,front,102.4,0.8438250840941854,0.52991452991453,0.4629965980588827,2326,ohc,four,122,mpfi,3.31,3.54,8.7,92,4200.0,8.10344827586207,34,8948.0,Low,Low,0,1
-1,65,toyota,turbo,four,sedan,fwd,front,102.4,0.8438250840941854,0.52991452991453,0.4629965980588827,2480,ohc,four,110,idi,3.27,3.35,22.5,73,4500.0,7.833333333333333,33,10698.0,Low,Low,1,0
-1,65,toyota,std,four,hatchback,fwd,front,102.4,0.8438250840941854,0.52991452991453,0.05447018800692721,2414,ohc,four,122,mpfi,3.31,3.54,8.7,92,4200.0,8.703703703703704,32,9988.0,Low,Low,0,1
-1,65,toyota,std,four,sedan,fwd,front,102.4,0.8438250840941854,0.52991452991453,0.4629965980588827,2414,ohc,four,122,mpfi,3.31,3.54,8.7,92,4200.0,8.703703703703704,32,10898.0,Low,Low,0,1
-1,65,toyota,std,four,hatchback,fwd,front,102.4,0.8438250840941854,0.52991452991453,0.05447018800692721,2458,ohc,four,122,mpfi,3.31,3.54,8.7,92,4200.0,8.703703703703704,32,11248.0,Low,Low,0,1
3,197,toyota,std,two,hatchback,rwd,front,102.9,0.8817876021143681,0.6324786324786328,-0.7217299910917877,2976,dohc,six,171,mpfi,3.27,3.35,9.3,161,5200.0,11.75,24,16558.0,Low,Medium,0,1
3,197,toyota,std,two,hatchback,rwd,front,102.9,0.8817876021143681,0.6324786324786328,-0.7217299910917877,3016,dohc,six,171,mpfi,3.27,3.35,9.3,161,5200.0,12.368421052631579,24,15998.0,Low,Medium,0,1
-1,90,toyota,std,four,sedan,rwd,front,104.5,0.9024507448342144,0.52991452991453,0.13617547001731947,3131,dohc,six,171,mpfi,3.27,3.35,9.2,156,5200.0,11.75,24,15690.0,Low,Medium,0,1
-1,122,toyota,std,four,wagon,rwd,front,104.5,0.9024507448342144,0.52991452991453,0.13617547001731947,3151,dohc,six,161,mpfi,3.27,3.35,9.2,156,5200.0,12.368421052631579,24,15750.0,Low,Medium,0,1
2,122,volkswagen,std,two,sedan,fwd,front,97.3,0.8250840941854877,0.4444444444444446,0.7898177261004489,2261,ohc,four,97,idi,3.01,3.4,23.0,52,4800.0,6.351351351351352,46,7775.0,Low,Low,1,0
2,122,volkswagen,std,two,sedan,fwd,front,97.3,0.8250840941854877,0.4444444444444446,0.7898177261004489,2209,ohc,four,109,mpfi,3.19,3.4,9.0,85,5250.0,8.703703703703704,34,7975.0,Low,Low,0,1
2,94,volkswagen,std,four,sedan,fwd,front,97.3,0.8250840941854877,0.4444444444444446,0.7898177261004489,2264,ohc,four,97,idi,3.01,3.4,23.0,52,4800.0,6.351351351351352,46,7995.0,Low,Low,1,0
2,94,volkswagen,std,four,sedan,fwd,front,97.3,0.8250840941854877,0.4444444444444446,0.7898177261004489,2212,ohc,four,109,mpfi,3.19,3.4,9.0,85,5250.0,8.703703703703704,34,8195.0,Low,Low,0,1
2,94,volkswagen,std,four,sedan,fwd,front,97.3,0.8250840941854877,0.4444444444444446,0.7898177261004489,2275,ohc,four,109,mpfi,3.19,3.4,9.0,85,5250.0,8.703703703703704,34,8495.0,Low,Low,0,1
2,94,volkswagen,turbo,four,sedan,fwd,front,97.3,0.8250840941854877,0.4444444444444446,0.7898177261004489,2319,ohc,four,97,idi,3.01,3.4,23.0,68,4500.0,6.351351351351352,42,9495.0,Low,Low,1,0
2,94,volkswagen,std,four,sedan,fwd,front,97.3,0.8250840941854877,0.4444444444444446,0.7898177261004489,2300,ohc,four,109,mpfi,3.19,3.4,10.0,100,5500.0,9.038461538461538,32,9995.0,Low,Low,0,1
3,122,volkswagen,std,two,convertible,fwd,front,94.5,0.7654973570398848,0.33333333333333376,0.7489650850952527,2254,ohc,four,109,mpfi,3.19,3.4,8.5,90,5500.0,9.791666666666666,29,11595.0,Low,Low,0,1
3,256,volkswagen,std,two,hatchback,fwd,front,94.5,0.7962518020182604,0.3162393162393164,-0.9668458371229616,2221,ohc,four,109,mpfi,3.19,3.4,8.5,90,5500.0,9.791666666666666,29,9980.0,Low,Low,0,1
0,122,volkswagen,std,four,sedan,fwd,front,100.4,0.865929841422393,0.5641025641025647,0.544701880069275,2661,ohc,five,136,mpfi,3.19,3.4,8.5,110,5500.0,12.368421052631579,24,13295.0,Low,Low,0,1
0,122,volkswagen,turbo,four,sedan,fwd,front,100.4,0.865929841422393,0.5641025641025647,0.544701880069275,2579,ohc,four,97,idi,3.01,3.4,23.0,68,4500.0,7.121212121212121,38,13845.0,Low,Low,1,0
0,122,volkswagen,std,four,wagon,fwd,front,100.4,0.8798654493032196,0.5641025641025647,0.544701880069275,2563,ohc,four,109,mpfi,3.19,3.4,9.0,88,5500.0,9.4,31,12290.0,Low,Low,0,1
-2,103,volvo,std,four,sedan,rwd,front,104.3,0.9072561268620856,0.5897435897435901,0.9940809311264267,2912,ohc,four,141,mpfi,3.78,3.15,9.5,114,5400.0,10.217391304347826,28,12940.0,Low,Low,0,1
-1,74,volvo,std,four,wagon,rwd,front,104.3,0.9072561268620856,0.5897435897435901,1.5251652641939677,3034,ohc,four,141,mpfi,3.78,3.15,9.5,114,5400.0,10.217391304347826,28,13415.0,Low,Low,0,1
-2,103,volvo,std,four,sedan,rwd,front,104.3,0.9072561268620856,0.5897435897435901,0.9940809311264267,2935,ohc,four,141,mpfi,3.78,3.15,9.5,114,5400.0,9.791666666666666,28,15985.0,Low,Low,0,1
-1,74,volvo,std,four,wagon,rwd,front,104.3,0.9072561268620856,0.5897435897435901,1.5251652641939677,3042,ohc,four,141,mpfi,3.78,3.15,9.5,114,5400.0,9.791666666666666,28,16515.0,Low,Low,0,1
-2,103,volvo,turbo,four,sedan,rwd,front,104.3,0.9072561268620856,0.5897435897435901,0.9940809311264267,3045,ohc,four,130,mpfi,3.62,3.15,7.5,162,5100.0,13.823529411764707,22,18420.0,Low,Medium,0,1
-1,74,volvo,turbo,four,wagon,rwd,front,104.3,0.9072561268620856,0.5897435897435901,1.5251652641939677,3157,ohc,four,130,mpfi,3.62,3.15,7.5,162,5100.0,13.823529411764707,22,18950.0,Medium,Medium,0,1
-1,95,volvo,std,four,sedan,rwd,front,109.1,0.9072561268620856,0.7350427350427355,0.7081124440900566,2952,ohc,four,141,mpfi,3.78,3.15,9.5,114,5400.0,10.217391304347826,28,16845.0,Low,Low,0,1
-1,95,volvo,turbo,four,sedan,rwd,front,109.1,0.9072561268620856,0.7264957264957264,0.7081124440900566,3049,ohc,four,141,mpfi,3.78,3.15,8.7,160,5300.0,12.368421052631579,25,19045.0,Medium,Medium,0,1
-1,95,volvo,std,four,sedan,rwd,front,109.1,0.9072561268620856,0.7350427350427355,0.7081124440900566,3012,ohcv,six,173,mpfi,3.58,2.87,8.8,134,5500.0,13.055555555555555,23,21485.0,Medium,Medium,0,1
-1,95,volvo,turbo,four,sedan,rwd,front,109.1,0.9072561268620856,0.7350427350427355,0.7081124440900566,3217,ohc,six,145,idi,3.01,3.4,23.0,106,4800.0,9.038461538461538,27,22470.0,Medium,Low,1,0
-1,95,volvo,turbo,four,sedan,rwd,front,109.1,0.9072561268620856,0.7350427350427355,0.7081124440900566,3062,ohc,four,141,mpfi,3.78,3.15,9.5,114,5400.0,12.368421052631579,25,22625.0,Medium,Low,0,1
